{"cameraMode":{"drawMode":0,"name":"Shaded","section":"Shading Mode"},"sceneLighting":false,"audioPlay":false,"sceneViewState":{"showFog":true,"showMaterialUpdate":false,"showSkybox":true,"showFlares":true,"showImageEffects":true,"showParticleSystems":true},"in2DMode":false,"pivot":{"x":-1.4745943546295167,"y":0.695525050163269,"z":-6.028936862945557},"rotation":{"x":-0.17671670019626618,"y":-0.11135654896497727,"z":0.02012699469923973,"w":-0.9777427911758423},"size":4.739778518676758,"orthographic":false}