{"cameraMode":{"drawMode":0,"name":"Shaded","section":"Shading Mode"},"sceneLighting":false,"audioPlay":false,"sceneViewState":{"showFog":true,"showMaterialUpdate":false,"showSkybox":true,"showFlares":true,"showImageEffects":true,"showParticleSystems":true},"in2DMode":false,"pivot":{"x":14.327265739440918,"y":2.153261184692383,"z":-8.439149856567383},"rotation":{"x":0.21019650995731355,"y":-0.02020914852619171,"z":0.0044478243216872219,"w":0.9775093793869019},"size":9.030487060546875,"orthographic":false}