{"cameraMode":{"drawMode":0,"name":"Shaded","section":"Shading Mode"},"sceneLighting":false,"audioPlay":false,"sceneViewState":{"showFog":true,"showMaterialUpdate":false,"showSkybox":true,"showFlares":true,"showImageEffects":true,"showParticleSystems":true},"in2DMode":false,"pivot":{"x":0.023879826068878175,"y":1.047260046005249,"z":0.03195101022720337},"rotation":{"x":0.21019650995731355,"y":-0.02020914852619171,"z":0.0044478243216872219,"w":0.9775093793869019},"size":4.7397780418396,"orthographic":false}