{"cameraMode":{"drawMode":0,"name":"Shaded","section":"Shading Mode"},"sceneLighting":false,"audioPlay":false,"sceneViewState":{"showFog":true,"showMaterialUpdate":false,"showSkybox":true,"showFlares":true,"showImageEffects":true,"showParticleSystems":true},"in2DMode":false,"pivot":{"x":0.11775839328765869,"y":-0.19973428547382356,"z":-8.320093154907227},"rotation":{"x":-0.19111144542694093,"y":-0.012664793990552426,"z":0.002466170582920313,"w":-0.9814904928207398},"size":0.7532308101654053,"orthographic":false}