{"cameraMode":{"drawMode":0,"name":"Shaded","section":"Shading Mode"},"sceneLighting":false,"audioPlay":false,"sceneViewState":{"showFog":true,"showMaterialUpdate":false,"showSkybox":true,"showFlares":true,"showImageEffects":true,"showParticleSystems":true},"in2DMode":false,"pivot":{"x":0.013853936456143856,"y":-0.21549850702285767,"z":0.6523255109786987},"rotation":{"x":-0.25834354758262637,"y":-0.005219542887061834,"z":0.0013959880452603102,"w":-0.966045081615448},"size":1.089231014251709,"orthographic":false}