{"cameraMode":{"drawMode":0,"name":"Shaded","section":"Shading Mode"},"sceneLighting":false,"audioPlay":false,"sceneViewState":{"showFog":true,"showMaterialUpdate":false,"showSkybox":true,"showFlares":true,"showImageEffects":true,"showParticleSystems":true},"in2DMode":false,"pivot":{"x":0.05969953536987305,"y":2.618149995803833,"z":0.07987761497497559},"rotation":{"x":-0.17671670019626618,"y":-0.11135654896497727,"z":0.02012699469923973,"w":-0.9777427911758423},"size":11.849445343017579,"orthographic":false}